{
  "optimization_summary": {
    "optimization_time": 0.13694000244140625,
    "generations": 30,
    "population_size": 100,
    "best_q_factor": 49.53954888605522,
    "best_enhancement": 0.95
  },
  "best_design": {
    "rank": 1,
    "parameters": {
      "R": 3.0,
      "a": 1.0,
      "kappa": 2.7976632482255464,
      "delta": 0.7989695691776497,
      "mu": 0.4601672671775716,
      "B0": 11.9949302666906,
      "Ip": 19.986631300629462
    },
    "performance": 47.06257144175246,
    "cost": 3.2357499226391613,
    "stress": 17.248729983406815,
    "q_factor": 49.53954888605522,
    "lqg_enhancement": 0.95,
    "sinc_factor": 0.6863174778322447
  },
  "all_designs": [
    {
      "rank": 1,
      "parameters": {
        "R": 3.0,
        "a": 1.0,
        "kappa": 2.7976632482255464,
        "delta": 0.7989695691776497,
        "mu": 0.4601672671775716,
        "B0": 11.9949302666906,
        "Ip": 19.986631300629462
      },
      "performance": 47.06257144175246,
      "cost": 3.2357499226391613,
      "stress": 17.248729983406815,
      "q_factor": 49.53954888605522,
      "lqg_enhancement": 0.95,
      "sinc_factor": 0.6863174778322447
    },
    {
      "rank": 2,
      "parameters": {
        "R": 3.0,
        "a": 1.0,
        "kappa": 2.7976632482255464,
        "delta": 0.7989695691776497,
        "mu": 0.4601672671775716,
        "B0": 11.9949302666906,
        "Ip": 19.986631300629462
      },
      "performance": 47.06257144175246,
      "cost": 3.2357499226391613,
      "stress": 17.248729983406815,
      "q_factor": 49.53954888605522,
      "lqg_enhancement": 0.95,
      "sinc_factor": 0.6863174778322447
    },
    {
      "rank": 3,
      "parameters": {
        "R": 3.0,
        "a": 1.0,
        "kappa": 2.7976632482255464,
        "delta": 0.7989695691776497,
        "mu": 0.4601672671775716,
        "B0": 11.9949302666906,
        "Ip": 19.986631300629462
      },
      "performance": 47.06257144175246,
      "cost": 3.2357499226391613,
      "stress": 17.248729983406815,
      "q_factor": 49.53954888605522,
      "lqg_enhancement": 0.95,
      "sinc_factor": 0.6863174778322447
    },
    {
      "rank": 4,
      "parameters": {
        "R": 3.0,
        "a": 1.0,
        "kappa": 2.7976632482255464,
        "delta": 0.7989695691776497,
        "mu": 0.4601672671775716,
        "B0": 11.9949302666906,
        "Ip": 19.986631300629462
      },
      "performance": 47.06257144175246,
      "cost": 3.2357499226391613,
      "stress": 17.248729983406815,
      "q_factor": 49.53954888605522,
      "lqg_enhancement": 0.95,
      "sinc_factor": 0.6863174778322447
    },
    {
      "rank": 5,
      "parameters": {
        "R": 3.0,
        "a": 1.0,
        "kappa": 2.7976632482255464,
        "delta": 0.7989695691776497,
        "mu": 0.4601672671775716,
        "B0": 11.9949302666906,
        "Ip": 19.986631300629462
      },
      "performance": 47.06257144175246,
      "cost": 3.2357499226391613,
      "stress": 17.248729983406815,
      "q_factor": 49.53954888605522,
      "lqg_enhancement": 0.95,
      "sinc_factor": 0.6863174778322447
    },
    {
      "rank": 6,
      "parameters": {
        "R": 3.0,
        "a": 1.0,
        "kappa": 2.7976632482255464,
        "delta": 0.7989695691776497,
        "mu": 0.4601672671775716,
        "B0": 11.9949302666906,
        "Ip": 19.986631300629462
      },
      "performance": 47.06257144175246,
      "cost": 3.2357499226391613,
      "stress": 17.248729983406815,
      "q_factor": 49.53954888605522,
      "lqg_enhancement": 0.95,
      "sinc_factor": 0.6863174778322447
    },
    {
      "rank": 7,
      "parameters": {
        "R": 3.0,
        "a": 1.0,
        "kappa": 2.7976632482255464,
        "delta": 0.7989695691776497,
        "mu": 0.4601672671775716,
        "B0": 11.9949302666906,
        "Ip": 19.986631300629462
      },
      "performance": 47.06257144175246,
      "cost": 3.2357499226391613,
      "stress": 17.248729983406815,
      "q_factor": 49.53954888605522,
      "lqg_enhancement": 0.95,
      "sinc_factor": 0.6863174778322447
    },
    {
      "rank": 8,
      "parameters": {
        "R": 3.0,
        "a": 1.0,
        "kappa": 2.7976632482255464,
        "delta": 0.7989695691776497,
        "mu": 0.4601672671775716,
        "B0": 11.9949302666906,
        "Ip": 19.986631300629462
      },
      "performance": 47.06257144175246,
      "cost": 3.2357499226391613,
      "stress": 17.248729983406815,
      "q_factor": 49.53954888605522,
      "lqg_enhancement": 0.95,
      "sinc_factor": 0.6863174778322447
    },
    {
      "rank": 9,
      "parameters": {
        "R": 3.0,
        "a": 1.0,
        "kappa": 2.7976632482255464,
        "delta": 0.7959829434606094,
        "mu": 0.5363712411282405,
        "B0": 11.9949302666906,
        "Ip": 19.992453773550295
      },
      "performance": 47.0260491354773,
      "cost": 3.2347718368318694,
      "stress": 17.248729983406815,
      "q_factor": 49.501104353134004,
      "lqg_enhancement": 0.95,
      "sinc_factor": 0.589580810617648
    },
    {
      "rank": 10,
      "parameters": {
        "R": 3.0,
        "a": 1.0,
        "kappa": 2.7976632482255464,
        "delta": 0.7959829434606094,
        "mu": 0.5363712411282405,
        "B0": 11.9949302666906,
        "Ip": 19.992453773550295
      },
      "performance": 47.0260491354773,
      "cost": 3.2347718368318694,
      "stress": 17.248729983406815,
      "q_factor": 49.501104353134004,
      "lqg_enhancement": 0.95,
      "sinc_factor": 0.589580810617648
    }
  ],
  "validation": {
    "valid": true,
    "warnings": [
      "q95 = 1.00 < 2.0, kink instability risk",
      "High current density: 7.1 MA/m\u00b2"
    ],
    "errors": [],
    "physics_checks": {
      "beta_limit": 4.665518381308819,
      "greenwald_limit": 6.361942334500752,
      "q95": 1.0002461217091005
    },
    "engineering_checks": {
      "aspect_ratio": 3.0,
      "current_density": 7.144044699913843
    },
    "lqg_checks": {
      "mu_parameter": 0.4601672671775716,
      "sinc_factor": 0.6863174778322447,
      "enhancement": 0.95,
      "positive_energy": true
    }
  },
  "lqg_physics": {
    "sub_classical_enhancement": 242000000.0,
    "alpha_lqg": 0.16666666666666666
  }
}