{
  "optimization_summary": {
    "optimization_time": 0.1269228458404541,
    "generations": 30,
    "population_size": 100,
    "best_q_factor": 48.67635378858749,
    "best_enhancement": 0.95
  },
  "best_design": {
    "rank": 1,
    "parameters": {
      "R": 3.0,
      "a": 1.0,
      "kappa": 2.7952481209120386,
      "delta": 0.7993513688672701,
      "mu": 0.6455268636827917,
      "B0": 11.913602143487553,
      "Ip": 19.786822775151684
    },
    "performance": 46.242536099158116,
    "cost": 3.2235358873528708,
    "stress": 17.015496382994467,
    "q_factor": 48.67635378858749,
    "lqg_enhancement": 0.95,
    "sinc_factor": 0.44245854365917864
  },
  "all_designs": [
    {
      "rank": 1,
      "parameters": {
        "R": 3.0,
        "a": 1.0,
        "kappa": 2.7952481209120386,
        "delta": 0.7993513688672701,
        "mu": 0.6455268636827917,
        "B0": 11.913602143487553,
        "Ip": 19.786822775151684
      },
      "performance": 46.242536099158116,
      "cost": 3.2235358873528708,
      "stress": 17.015496382994467,
      "q_factor": 48.67635378858749,
      "lqg_enhancement": 0.95,
      "sinc_factor": 0.44245854365917864
    },
    {
      "rank": 2,
      "parameters": {
        "R": 3.0,
        "a": 1.0,
        "kappa": 2.790959194679209,
        "delta": 0.7993513688672701,
        "mu": 0.5980441095137067,
        "B0": 11.913602143487553,
        "Ip": 19.786822775151684
      },
      "performance": 46.17158324718607,
      "cost": 3.217248021253583,
      "stress": 17.015271846714047,
      "q_factor": 48.60166657598534,
      "lqg_enhancement": 0.95,
      "sinc_factor": 0.5072023472142363
    },
    {
      "rank": 3,
      "parameters": {
        "R": 3.0,
        "a": 1.0,
        "kappa": 2.790959194679209,
        "delta": 0.7993513688672701,
        "mu": 0.5980441095137067,
        "B0": 11.913602143487553,
        "Ip": 19.786822775151684
      },
      "performance": 46.17158324718607,
      "cost": 3.217248021253583,
      "stress": 17.015271846714047,
      "q_factor": 48.60166657598534,
      "lqg_enhancement": 0.95,
      "sinc_factor": 0.5072023472142363
    },
    {
      "rank": 4,
      "parameters": {
        "R": 3.0,
        "a": 1.0,
        "kappa": 2.7952481209120386,
        "delta": 0.7993513688672701,
        "mu": 0.32930245183109635,
        "B0": 11.8658038937048,
        "Ip": 19.786822775151684
      },
      "performance": 46.05700763644512,
      "cost": 3.2186368727628554,
      "stress": 16.87923542601623,
      "q_factor": 48.48106066994224,
      "lqg_enhancement": 0.95,
      "sinc_factor": 0.8309290035130261
    },
    {
      "rank": 5,
      "parameters": {
        "R": 3.0,
        "a": 1.0,
        "kappa": 2.7952481209120386,
        "delta": 0.7993513688672701,
        "mu": 0.32930245183109635,
        "B0": 11.8658038937048,
        "Ip": 19.786822775151684
      },
      "performance": 46.05700763644512,
      "cost": 3.2186368727628554,
      "stress": 16.87923542601623,
      "q_factor": 48.48106066994224,
      "lqg_enhancement": 0.95,
      "sinc_factor": 0.8309290035130261
    },
    {
      "rank": 6,
      "parameters": {
        "R": 3.0,
        "a": 1.0,
        "kappa": 2.7952481209120386,
        "delta": 0.7993513688672701,
        "mu": 0.5980441095137067,
        "B0": 11.8658038937048,
        "Ip": 19.786822775151684
      },
      "performance": 46.05700763644512,
      "cost": 3.2186368727628554,
      "stress": 16.87923542601623,
      "q_factor": 48.48106066994224,
      "lqg_enhancement": 0.95,
      "sinc_factor": 0.5072023472142363
    },
    {
      "rank": 7,
      "parameters": {
        "R": 3.0,
        "a": 1.0,
        "kappa": 2.7952481209120386,
        "delta": 0.7993513688672701,
        "mu": 0.5831660756188244,
        "B0": 11.8658038937048,
        "Ip": 19.786822775151684
      },
      "performance": 46.05700763644512,
      "cost": 3.2186368727628554,
      "stress": 16.87923542601623,
      "q_factor": 48.48106066994224,
      "lqg_enhancement": 0.95,
      "sinc_factor": 0.5273060277654006
    },
    {
      "rank": 8,
      "parameters": {
        "R": 3.0,
        "a": 1.0,
        "kappa": 2.7952481209120386,
        "delta": 0.7993513688672701,
        "mu": 0.6116336177846748,
        "B0": 11.8658038937048,
        "Ip": 19.786822775151684
      },
      "performance": 46.05700763644512,
      "cost": 3.2186368727628554,
      "stress": 16.87923542601623,
      "q_factor": 48.48106066994224,
      "lqg_enhancement": 0.95,
      "sinc_factor": 0.48874740002086553
    },
    {
      "rank": 9,
      "parameters": {
        "R": 3.0,
        "a": 1.0,
        "kappa": 2.7952481209120386,
        "delta": 0.7993513688672701,
        "mu": 0.6455268636827917,
        "B0": 11.8658038937048,
        "Ip": 19.786822775151684
      },
      "performance": 46.05700763644512,
      "cost": 3.2186368727628554,
      "stress": 16.87923542601623,
      "q_factor": 48.48106066994224,
      "lqg_enhancement": 0.95,
      "sinc_factor": 0.44245854365917864
    },
    {
      "rank": 10,
      "parameters": {
        "R": 3.0,
        "a": 1.0,
        "kappa": 2.7952481209120386,
        "delta": 0.7993513688672701,
        "mu": 0.6345444368748425,
        "B0": 11.8658038937048,
        "Ip": 19.786822775151684
      },
      "performance": 46.05700763644512,
      "cost": 3.2186368727628554,
      "stress": 16.87923542601623,
      "q_factor": 48.48106066994224,
      "lqg_enhancement": 0.95,
      "sinc_factor": 0.45748702528908003
    }
  ],
  "validation": {
    "valid": true,
    "warnings": [
      "q95 = 1.00 < 2.0, kink instability risk",
      "High current density: 7.1 MA/m\u00b2"
    ],
    "errors": [],
    "physics_checks": {
      "beta_limit": 4.6504074169297525,
      "greenwald_limit": 6.29834130549737,
      "q95": 1.0034963065123548
    },
    "engineering_checks": {
      "aspect_ratio": 3.0,
      "current_density": 7.078735739815328
    },
    "lqg_checks": {
      "mu_parameter": 0.6455268636827917,
      "sinc_factor": 0.44245854365917864,
      "enhancement": 0.95,
      "positive_energy": true
    }
  },
  "lqg_physics": {
    "sub_classical_enhancement": 242000000.0,
    "alpha_lqg": 0.16666666666666666
  }
}