{
  "optimization_summary": {
    "optimization_time": 0.12208771705627441,
    "generations": 30,
    "population_size": 100,
    "best_q_factor": 48.7032148401614,
    "best_enhancement": 0.95
  },
  "best_design": {
    "rank": 1,
    "parameters": {
      "R": 3.0,
      "a": 1.0,
      "kappa": 2.7954346990668983,
      "delta": 0.7879830123761191,
      "mu": 0.3493058507188649,
      "B0": 11.918202131664483,
      "Ip": 19.869470934270083
    },
    "performance": 46.26805409815333,
    "cost": 3.220681092514975,
    "stress": 17.028648487329463,
    "q_factor": 48.7032148401614,
    "lqg_enhancement": 0.95,
    "sinc_factor": 0.8110381587040291
  },
  "all_designs": [
    {
      "rank": 1,
      "parameters": {
        "R": 3.0,
        "a": 1.0,
        "kappa": 2.7954346990668983,
        "delta": 0.7879830123761191,
        "mu": 0.3493058507188649,
        "B0": 11.918202131664483,
        "Ip": 19.869470934270083
      },
      "performance": 46.26805409815333,
      "cost": 3.220681092514975,
      "stress": 17.028648487329463,
      "q_factor": 48.7032148401614,
      "lqg_enhancement": 0.95,
      "sinc_factor": 0.8110381587040291
    },
    {
      "rank": 2,
      "parameters": {
        "R": 3.0,
        "a": 1.0,
        "kappa": 2.7954346990668983,
        "delta": 0.7879830123761191,
        "mu": 0.3493058507188649,
        "B0": 11.918202131664483,
        "Ip": 19.869470934270083
      },
      "performance": 46.26805409815333,
      "cost": 3.220681092514975,
      "stress": 17.028648487329463,
      "q_factor": 48.7032148401614,
      "lqg_enhancement": 0.95,
      "sinc_factor": 0.8110381587040291
    },
    {
      "rank": 3,
      "parameters": {
        "R": 3.0,
        "a": 1.0,
        "kappa": 2.7954346990668983,
        "delta": 0.7879830123761191,
        "mu": 0.3493058507188649,
        "B0": 11.918202131664483,
        "Ip": 19.845563091332455
      },
      "performance": 46.212382290178795,
      "cost": 3.220634086563315,
      "stress": 17.028648487329463,
      "q_factor": 48.64461293703031,
      "lqg_enhancement": 0.95,
      "sinc_factor": 0.8110381587040291
    },
    {
      "rank": 4,
      "parameters": {
        "R": 3.0,
        "a": 1.0,
        "kappa": 2.7954346990668983,
        "delta": 0.7879830123761191,
        "mu": 0.3493058507188649,
        "B0": 11.875158328170585,
        "Ip": 19.869470934270083
      },
      "performance": 46.1009522981801,
      "cost": 3.216265494708234,
      "stress": 16.905869199127473,
      "q_factor": 48.52731820861063,
      "lqg_enhancement": 0.95,
      "sinc_factor": 0.8110381587040291
    },
    {
      "rank": 5,
      "parameters": {
        "R": 3.0,
        "a": 1.0,
        "kappa": 2.7954346990668983,
        "delta": 0.7879830123761191,
        "mu": 0.3493058507188649,
        "B0": 11.875158328170585,
        "Ip": 19.869470934270083
      },
      "performance": 46.1009522981801,
      "cost": 3.216265494708234,
      "stress": 16.905869199127473,
      "q_factor": 48.52731820861063,
      "lqg_enhancement": 0.95,
      "sinc_factor": 0.8110381587040291
    },
    {
      "rank": 6,
      "parameters": {
        "R": 3.0,
        "a": 1.0,
        "kappa": 2.7954346990668983,
        "delta": 0.7879830123761191,
        "mu": 0.36563700220164724,
        "B0": 11.875158328170585,
        "Ip": 19.869470934270083
      },
      "performance": 46.1009522981801,
      "cost": 3.216265494708234,
      "stress": 16.905869199127473,
      "q_factor": 48.52731820861063,
      "lqg_enhancement": 0.95,
      "sinc_factor": 0.794148912631774
    },
    {
      "rank": 7,
      "parameters": {
        "R": 3.0,
        "a": 1.0,
        "kappa": 2.749457077182799,
        "delta": 0.7981771494729502,
        "mu": 0.3493058507188649,
        "B0": 11.918202131664483,
        "Ip": 19.869470934270083
      },
      "performance": 45.673459662953874,
      "cost": 3.1569935966306244,
      "stress": 17.026257247347246,
      "q_factor": 48.07732596100408,
      "lqg_enhancement": 0.95,
      "sinc_factor": 0.8110381587040291
    },
    {
      "rank": 8,
      "parameters": {
        "R": 3.0,
        "a": 1.0,
        "kappa": 2.749457077182799,
        "delta": 0.7981771494729502,
        "mu": 0.3493058507188649,
        "B0": 11.918202131664483,
        "Ip": 19.869470934270083
      },
      "performance": 45.673459662953874,
      "cost": 3.1569935966306244,
      "stress": 17.026257247347246,
      "q_factor": 48.07732596100408,
      "lqg_enhancement": 0.95,
      "sinc_factor": 0.8110381587040291
    },
    {
      "rank": 9,
      "parameters": {
        "R": 3.0,
        "a": 1.0,
        "kappa": 2.7668481553251163,
        "delta": 0.7879830123761191,
        "mu": 0.3493058507188649,
        "B0": 11.918202131664483,
        "Ip": 19.80740928003149
      },
      "performance": 45.651870954513946,
      "cost": 3.1788092799377017,
      "stress": 17.027157112429546,
      "q_factor": 48.054601004751525,
      "lqg_enhancement": 0.95,
      "sinc_factor": 0.8110381587040291
    },
    {
      "rank": 10,
      "parameters": {
        "R": 3.0,
        "a": 1.0,
        "kappa": 2.749457077182799,
        "delta": 0.7999268537924552,
        "mu": 0.3493058507188649,
        "B0": 11.918202131664483,
        "Ip": 19.845563091332455
      },
      "performance": 45.6470286155376,
      "cost": 3.157516351522804,
      "stress": 17.026257247347246,
      "q_factor": 48.049503805829055,
      "lqg_enhancement": 0.95,
      "sinc_factor": 0.8110381587040291
    }
  ],
  "validation": {
    "valid": true,
    "warnings": [
      "q95 = 1.00 < 2.0, kink instability risk",
      "High current density: 7.1 MA/m\u00b2"
    ],
    "errors": [],
    "physics_checks": {
      "beta_limit": 4.668029456233628,
      "greenwald_limit": 6.324649031619647,
      "q95": 0.9997080589187066
    },
    "engineering_checks": {
      "aspect_ratio": 3.0,
      "current_density": 7.107828682566762
    },
    "lqg_checks": {
      "mu_parameter": 0.3493058507188649,
      "sinc_factor": 0.8110381587040291,
      "enhancement": 0.95,
      "positive_energy": true
    }
  },
  "lqg_physics": {
    "sub_classical_enhancement": 242000000.0,
    "alpha_lqg": 0.16666666666666666
  }
}