{
  "optimization_summary": {
    "optimization_time": 0.19513821601867676,
    "generations": 30,
    "population_size": 100,
    "best_q_factor": 49.175709028214584,
    "best_enhancement": 0.95
  },
  "best_design": {
    "rank": 1,
    "parameters": {
      "R": 3.0,
      "a": 1.0,
      "kappa": 2.79829672493449,
      "delta": 0.7888985703941993,
      "mu": 0.5811797324617002,
      "B0": 11.967167027477554,
      "Ip": 19.95316020064915
    },
    "performance": 46.71692357680385,
    "cost": 3.2303974976702996,
    "stress": 17.169008740956702,
    "q_factor": 49.175709028214584,
    "lqg_enhancement": 0.95,
    "sinc_factor": 0.5299807860004706
  },
  "all_designs": [
    {
      "rank": 1,
      "parameters": {
        "R": 3.0,
        "a": 1.0,
        "kappa": 2.79829672493449,
        "delta": 0.7888985703941993,
        "mu": 0.5811797324617002,
        "B0": 11.967167027477554,
        "Ip": 19.95316020064915
      },
      "performance": 46.71692357680385,
      "cost": 3.2303974976702996,
      "stress": 17.169008740956702,
      "q_factor": 49.175709028214584,
      "lqg_enhancement": 0.95,
      "sinc_factor": 0.5299807860004706
    },
    {
      "rank": 2,
      "parameters": {
        "R": 3.0,
        "a": 1.0,
        "kappa": 2.79829672493449,
        "delta": 0.7888985703941993,
        "mu": 0.6456707054782196,
        "B0": 11.967167027477554,
        "Ip": 19.95316020064915
      },
      "performance": 46.71692357680385,
      "cost": 3.2303974976702996,
      "stress": 17.169008740956702,
      "q_factor": 49.175709028214584,
      "lqg_enhancement": 0.95,
      "sinc_factor": 0.4422615879176597
    },
    {
      "rank": 3,
      "parameters": {
        "R": 3.0,
        "a": 1.0,
        "kappa": 2.79829672493449,
        "delta": 0.7888985703941993,
        "mu": 0.5811797324617002,
        "B0": 11.967167027477554,
        "Ip": 19.95316020064915
      },
      "performance": 46.71692357680385,
      "cost": 3.2303974976702996,
      "stress": 17.169008740956702,
      "q_factor": 49.175709028214584,
      "lqg_enhancement": 0.95,
      "sinc_factor": 0.5299807860004706
    },
    {
      "rank": 4,
      "parameters": {
        "R": 3.0,
        "a": 1.0,
        "kappa": 2.79829672493449,
        "delta": 0.7888985703941993,
        "mu": 0.6615094879311362,
        "B0": 11.967167027477554,
        "Ip": 19.95316020064915
      },
      "performance": 46.71692357680385,
      "cost": 3.2303974976702996,
      "stress": 17.169008740956702,
      "q_factor": 49.175709028214584,
      "lqg_enhancement": 0.95,
      "sinc_factor": 0.42056349849769137
    },
    {
      "rank": 5,
      "parameters": {
        "R": 3.0,
        "a": 1.0,
        "kappa": 2.79829672493449,
        "delta": 0.7888985703941993,
        "mu": 0.6517447934999303,
        "B0": 11.967167027477554,
        "Ip": 19.95316020064915
      },
      "performance": 46.71692357680385,
      "cost": 3.2303974976702996,
      "stress": 17.169008740956702,
      "q_factor": 49.175709028214584,
      "lqg_enhancement": 0.95,
      "sinc_factor": 0.43394256716921725
    },
    {
      "rank": 6,
      "parameters": {
        "R": 3.0,
        "a": 1.0,
        "kappa": 2.79829672493449,
        "delta": 0.7888985703941993,
        "mu": 0.6615094879311362,
        "B0": 11.967167027477554,
        "Ip": 19.95316020064915
      },
      "performance": 46.71692357680385,
      "cost": 3.2303974976702996,
      "stress": 17.169008740956702,
      "q_factor": 49.175709028214584,
      "lqg_enhancement": 0.95,
      "sinc_factor": 0.42056349849769137
    },
    {
      "rank": 7,
      "parameters": {
        "R": 3.0,
        "a": 1.0,
        "kappa": 2.79829672493449,
        "delta": 0.7888985703941993,
        "mu": 0.6615094879311362,
        "B0": 11.967167027477554,
        "Ip": 19.95316020064915
      },
      "performance": 46.71692357680385,
      "cost": 3.2303974976702996,
      "stress": 17.169008740956702,
      "q_factor": 49.175709028214584,
      "lqg_enhancement": 0.95,
      "sinc_factor": 0.42056349849769137
    },
    {
      "rank": 8,
      "parameters": {
        "R": 3.0,
        "a": 1.0,
        "kappa": 2.79829672493449,
        "delta": 0.7888985703941993,
        "mu": 0.6029377196406043,
        "B0": 11.967167027477554,
        "Ip": 19.946425317437175
      },
      "performance": 46.70115499572953,
      "cost": 3.230384206804137,
      "stress": 17.169008740956702,
      "q_factor": 49.159110521820566,
      "lqg_enhancement": 0.95,
      "sinc_factor": 0.5005658072472912
    },
    {
      "rank": 9,
      "parameters": {
        "R": 3.0,
        "a": 1.0,
        "kappa": 2.79829672493449,
        "delta": 0.7888985703941993,
        "mu": 0.6071952763837162,
        "B0": 11.967167027477554,
        "Ip": 19.932584399329134
      },
      "performance": 46.66874884517574,
      "cost": 3.230356903896589,
      "stress": 17.169008740956702,
      "q_factor": 49.12499878439552,
      "lqg_enhancement": 0.95,
      "sinc_factor": 0.49478329307649177
    },
    {
      "rank": 10,
      "parameters": {
        "R": 3.0,
        "a": 1.0,
        "kappa": 2.7914465399271906,
        "delta": 0.7888985703941993,
        "mu": 0.6615094879311362,
        "B0": 11.967167027477554,
        "Ip": 19.95316020064915
      },
      "performance": 46.602561305418746,
      "cost": 3.220358824208707,
      "stress": 17.16864665705593,
      "q_factor": 49.05532768991447,
      "lqg_enhancement": 0.95,
      "sinc_factor": 0.42056349849769137
    }
  ],
  "validation": {
    "valid": true,
    "warnings": [
      "q95 = 1.00 < 2.0, kink instability risk",
      "High current density: 7.1 MA/m\u00b2"
    ],
    "errors": [],
    "physics_checks": {
      "beta_limit": 4.668510804064017,
      "greenwald_limit": 6.351288152475574,
      "q95": 0.999604983800028
    },
    "engineering_checks": {
      "aspect_ratio": 3.0,
      "current_density": 7.13046619497304
    },
    "lqg_checks": {
      "mu_parameter": 0.5811797324617002,
      "sinc_factor": 0.5299807860004706,
      "enhancement": 0.95,
      "positive_energy": true
    }
  },
  "lqg_physics": {
    "sub_classical_enhancement": 242000000.0,
    "alpha_lqg": 0.16666666666666666
  }
}