{
  "optimization_summary": {
    "optimization_time": 0.13329625129699707,
    "generations": 30,
    "population_size": 100,
    "best_q_factor": 49.079598053291974,
    "best_enhancement": 0.95
  },
  "best_design": {
    "rank": 1,
    "parameters": {
      "R": 3.0,
      "a": 1.0,
      "kappa": 2.7935626596922334,
      "delta": 0.7973658348941614,
      "mu": 0.3938855052043942,
      "B0": 11.92881683179056,
      "Ip": 19.951467237935585
    },
    "performance": 46.625618150627375,
    "cost": 3.2222966512615825,
    "stress": 17.05889611647031,
    "q_factor": 49.079598053291974,
    "lqg_enhancement": 0.95,
    "sinc_factor": 0.7636368170063834
  },
  "all_designs": [
    {
      "rank": 1,
      "parameters": {
        "R": 3.0,
        "a": 1.0,
        "kappa": 2.7935626596922334,
        "delta": 0.7973658348941614,
        "mu": 0.3938855052043942,
        "B0": 11.92881683179056,
        "Ip": 19.951467237935585
      },
      "performance": 46.625618150627375,
      "cost": 3.2222966512615825,
      "stress": 17.05889611647031,
      "q_factor": 49.079598053291974,
      "lqg_enhancement": 0.95,
      "sinc_factor": 0.7636368170063834
    },
    {
      "rank": 2,
      "parameters": {
        "R": 3.0,
        "a": 1.0,
        "kappa": 2.7935626596922334,
        "delta": 0.7841018987125391,
        "mu": 0.3938855052043942,
        "B0": 11.984112951241368,
        "Ip": 19.951467237935585
      },
      "performance": 46.61964760093638,
      "cost": 3.223623495879142,
      "stress": 17.21741595734982,
      "q_factor": 49.073313264143565,
      "lqg_enhancement": 0.95,
      "sinc_factor": 0.7636368170063834
    },
    {
      "rank": 3,
      "parameters": {
        "R": 3.0058621807803396,
        "a": 1.0,
        "kappa": 2.7935626596922334,
        "delta": 0.7962473396853175,
        "mu": 0.3938855052043942,
        "B0": 11.92881683179056,
        "Ip": 19.951467237935585
      },
      "performance": 46.51608019880659,
      "cost": 3.2272193290016653,
      "stress": 17.091943945769735,
      "q_factor": 48.964294946112204,
      "lqg_enhancement": 0.95,
      "sinc_factor": 0.7636368170063834
    },
    {
      "rank": 4,
      "parameters": {
        "R": 3.0,
        "a": 1.0,
        "kappa": 2.795104141012648,
        "delta": 0.7841018987125391,
        "mu": 0.3938855052043942,
        "B0": 11.92881683179056,
        "Ip": 19.951467237935585
      },
      "performance": 46.430144929748856,
      "cost": 3.2201660034365545,
      "stress": 17.05897705853793,
      "q_factor": 48.87383676815669,
      "lqg_enhancement": 0.95,
      "sinc_factor": 0.7636368170063834
    },
    {
      "rank": 5,
      "parameters": {
        "R": 3.0,
        "a": 1.0,
        "kappa": 2.795104141012648,
        "delta": 0.7841018987125391,
        "mu": 0.3692497358030459,
        "B0": 11.92881683179056,
        "Ip": 19.951467237935585
      },
      "performance": 46.430144929748856,
      "cost": 3.2201660034365545,
      "stress": 17.05897705853793,
      "q_factor": 48.87383676815669,
      "lqg_enhancement": 0.95,
      "sinc_factor": 0.7903366342833547
    },
    {
      "rank": 6,
      "parameters": {
        "R": 3.0,
        "a": 1.0,
        "kappa": 2.795104141012648,
        "delta": 0.7841018987125391,
        "mu": 0.3692497358030459,
        "B0": 11.92881683179056,
        "Ip": 19.951467237935585
      },
      "performance": 46.430144929748856,
      "cost": 3.2201660034365545,
      "stress": 17.05897705853793,
      "q_factor": 48.87383676815669,
      "lqg_enhancement": 0.95,
      "sinc_factor": 0.7903366342833547
    },
    {
      "rank": 7,
      "parameters": {
        "R": 3.0,
        "a": 1.0,
        "kappa": 2.795104141012648,
        "delta": 0.7841018987125391,
        "mu": 0.3938855052043942,
        "B0": 11.92881683179056,
        "Ip": 19.951467237935585
      },
      "performance": 46.430144929748856,
      "cost": 3.2201660034365545,
      "stress": 17.05897705853793,
      "q_factor": 48.87383676815669,
      "lqg_enhancement": 0.95,
      "sinc_factor": 0.7636368170063834
    },
    {
      "rank": 8,
      "parameters": {
        "R": 3.0,
        "a": 1.0,
        "kappa": 2.795104141012648,
        "delta": 0.7841018987125391,
        "mu": 0.3692497358030459,
        "B0": 11.92881683179056,
        "Ip": 19.951467237935585
      },
      "performance": 46.430144929748856,
      "cost": 3.2201660034365545,
      "stress": 17.05897705853793,
      "q_factor": 48.87383676815669,
      "lqg_enhancement": 0.95,
      "sinc_factor": 0.7903366342833547
    },
    {
      "rank": 9,
      "parameters": {
        "R": 3.0,
        "a": 1.0,
        "kappa": 2.795104141012648,
        "delta": 0.7841018987125391,
        "mu": 0.3938855052043942,
        "B0": 11.92881683179056,
        "Ip": 19.951467237935585
      },
      "performance": 46.430144929748856,
      "cost": 3.2201660034365545,
      "stress": 17.05897705853793,
      "q_factor": 48.87383676815669,
      "lqg_enhancement": 0.95,
      "sinc_factor": 0.7636368170063834
    },
    {
      "rank": 10,
      "parameters": {
        "R": 3.0,
        "a": 1.0,
        "kappa": 2.7935626596922334,
        "delta": 0.7841018987125391,
        "mu": 0.3938855052043942,
        "B0": 11.932377954035458,
        "Ip": 19.951467237935585
      },
      "performance": 46.41839220988758,
      "cost": 3.218275071154499,
      "stress": 17.069082857199803,
      "q_factor": 48.86146548409219,
      "lqg_enhancement": 0.95,
      "sinc_factor": 0.7636368170063834
    }
  ],
  "validation": {
    "valid": true,
    "warnings": [
      "q95 = 1.00 < 2.0, kink instability risk",
      "High current density: 7.1 MA/m\u00b2"
    ],
    "errors": [],
    "physics_checks": {
      "beta_limit": 4.683122312461078,
      "greenwald_limit": 6.350749265706905,
      "q95": 0.996486180651181
    },
    "engineering_checks": {
      "aspect_ratio": 3.0,
      "current_density": 7.1419436999969195
    },
    "lqg_checks": {
      "mu_parameter": 0.3938855052043942,
      "sinc_factor": 0.7636368170063834,
      "enhancement": 0.95,
      "positive_energy": true
    }
  },
  "lqg_physics": {
    "sub_classical_enhancement": 242000000.0,
    "alpha_lqg": 0.16666666666666666
  }
}