{
  "optimization_summary": {
    "optimization_time": 0.12004709243774414,
    "generations": 30,
    "population_size": 100,
    "best_q_factor": 49.57440085198111,
    "best_enhancement": 0.95
  },
  "best_design": {
    "rank": 1,
    "parameters": {
      "R": 3.0,
      "a": 1.0,
      "kappa": 2.798642044844166,
      "delta": 0.7988175308561825,
      "mu": 0.5645739436769759,
      "B0": 11.999044636029048,
      "Ip": 19.987927282243604
    },
    "performance": 47.09568080938205,
    "cost": 3.2375662025248935,
    "stress": 17.26061702623231,
    "q_factor": 49.57440085198111,
    "lqg_enhancement": 0.95,
    "sinc_factor": 0.5522437307995312
  },
  "all_designs": [
    {
      "rank": 1,
      "parameters": {
        "R": 3.0,
        "a": 1.0,
        "kappa": 2.798642044844166,
        "delta": 0.7988175308561825,
        "mu": 0.5645739436769759,
        "B0": 11.999044636029048,
        "Ip": 19.987927282243604
      },
      "performance": 47.09568080938205,
      "cost": 3.2375662025248935,
      "stress": 17.26061702623231,
      "q_factor": 49.57440085198111,
      "lqg_enhancement": 0.95,
      "sinc_factor": 0.5522437307995312
    },
    {
      "rank": 2,
      "parameters": {
        "R": 3.0,
        "a": 1.0,
        "kappa": 2.798642044844166,
        "delta": 0.793980276467638,
        "mu": 0.6890059847555106,
        "B0": 11.962653591083178,
        "Ip": 19.987927282243604
      },
      "performance": 46.87169810432525,
      "cost": 3.232190036687764,
      "stress": 17.15607880658898,
      "q_factor": 49.338629583500264,
      "lqg_enhancement": 0.95,
      "sinc_factor": 0.38290720859822525
    },
    {
      "rank": 3,
      "parameters": {
        "R": 3.0,
        "a": 1.0,
        "kappa": 2.798642044844166,
        "delta": 0.793980276467638,
        "mu": 0.6890059847555106,
        "B0": 11.962653591083178,
        "Ip": 19.987927282243604
      },
      "performance": 46.87169810432525,
      "cost": 3.232190036687764,
      "stress": 17.15607880658898,
      "q_factor": 49.338629583500264,
      "lqg_enhancement": 0.95,
      "sinc_factor": 0.38290720859822525
    },
    {
      "rank": 4,
      "parameters": {
        "R": 3.0,
        "a": 1.0,
        "kappa": 2.798642044844166,
        "delta": 0.793980276467638,
        "mu": 0.6890059847555106,
        "B0": 11.962653591083178,
        "Ip": 19.987927282243604
      },
      "performance": 46.87169810432525,
      "cost": 3.232190036687764,
      "stress": 17.15607880658898,
      "q_factor": 49.338629583500264,
      "lqg_enhancement": 0.95,
      "sinc_factor": 0.38290720859822525
    },
    {
      "rank": 5,
      "parameters": {
        "R": 3.0,
        "a": 1.0,
        "kappa": 2.798642044844166,
        "delta": 0.793980276467638,
        "mu": 0.6890059847555106,
        "B0": 11.962653591083178,
        "Ip": 19.987927282243604
      },
      "performance": 46.87169810432525,
      "cost": 3.232190036687764,
      "stress": 17.15607880658898,
      "q_factor": 49.338629583500264,
      "lqg_enhancement": 0.95,
      "sinc_factor": 0.38290720859822525
    },
    {
      "rank": 6,
      "parameters": {
        "R": 3.0,
        "a": 1.0,
        "kappa": 2.798642044844166,
        "delta": 0.7988175308561825,
        "mu": 0.5645739436769759,
        "B0": 11.999044636029048,
        "Ip": 19.879556394735975
      },
      "performance": 46.8403366381221,
      "cost": 3.237352477137413,
      "stress": 17.26061702623231,
      "q_factor": 49.30561751381274,
      "lqg_enhancement": 0.95,
      "sinc_factor": 0.5522437307995312
    },
    {
      "rank": 7,
      "parameters": {
        "R": 3.0,
        "a": 1.0,
        "kappa": 2.798642044844166,
        "delta": 0.7988175308561825,
        "mu": 0.5645739436769759,
        "B0": 11.999044636029048,
        "Ip": 19.879556394735975
      },
      "performance": 46.8403366381221,
      "cost": 3.237352477137413,
      "stress": 17.26061702623231,
      "q_factor": 49.30561751381274,
      "lqg_enhancement": 0.95,
      "sinc_factor": 0.5522437307995312
    },
    {
      "rank": 8,
      "parameters": {
        "R": 3.0,
        "a": 1.0,
        "kappa": 2.798642044844166,
        "delta": 0.7988175308561825,
        "mu": 0.6890059847555106,
        "B0": 11.999044636029048,
        "Ip": 19.879556394735975
      },
      "performance": 46.8403366381221,
      "cost": 3.237352477137413,
      "stress": 17.26061702623231,
      "q_factor": 49.30561751381274,
      "lqg_enhancement": 0.95,
      "sinc_factor": 0.38290720859822525
    },
    {
      "rank": 9,
      "parameters": {
        "R": 3.0,
        "a": 1.0,
        "kappa": 2.798642044844166,
        "delta": 0.7988175308561825,
        "mu": 0.5645739436769759,
        "B0": 11.999044636029048,
        "Ip": 19.879556394735975
      },
      "performance": 46.8403366381221,
      "cost": 3.237352477137413,
      "stress": 17.26061702623231,
      "q_factor": 49.30561751381274,
      "lqg_enhancement": 0.95,
      "sinc_factor": 0.5522437307995312
    },
    {
      "rank": 10,
      "parameters": {
        "R": 3.0,
        "a": 1.0,
        "kappa": 2.798642044844166,
        "delta": 0.7945296903208875,
        "mu": 0.6890059847555106,
        "B0": 11.999044636029048,
        "Ip": 19.879556394735975
      },
      "performance": 46.768576370827226,
      "cost": 3.2359312386118915,
      "stress": 17.26061702623231,
      "q_factor": 49.23008039034445,
      "lqg_enhancement": 0.95,
      "sinc_factor": 0.38290720859822525
    }
  ],
  "validation": {
    "valid": true,
    "warnings": [
      "q95 = 1.00 < 2.0, kink instability risk",
      "High current density: 7.1 MA/m\u00b2"
    ],
    "errors": [],
    "physics_checks": {
      "beta_limit": 4.664221034917617,
      "greenwald_limit": 6.362354858260846,
      "q95": 1.0005243387332505
    },
    "engineering_checks": {
      "aspect_ratio": 3.0,
      "current_density": 7.142009218030087
    },
    "lqg_checks": {
      "mu_parameter": 0.5645739436769759,
      "sinc_factor": 0.5522437307995312,
      "enhancement": 0.95,
      "positive_energy": true
    }
  },
  "lqg_physics": {
    "sub_classical_enhancement": 242000000.0,
    "alpha_lqg": 0.16666666666666666
  }
}