{
  "optimization_summary": {
    "optimization_time": 0.12679624557495117,
    "generations": 30,
    "population_size": 100,
    "best_q_factor": 49.293407127126244,
    "best_enhancement": 0.95
  },
  "best_design": {
    "rank": 1,
    "parameters": {
      "R": 3.0,
      "a": 1.0,
      "kappa": 2.795710264000788,
      "delta": 0.7910137215748592,
      "mu": 0.4536383019547933,
      "B0": 11.978891025521914,
      "Ip": 19.984670226268133
    },
    "performance": 46.82873677076993,
    "cost": 3.228582051087768,
    "stress": 17.202528413790702,
    "q_factor": 49.293407127126244,
    "lqg_enhancement": 0.95,
    "sinc_factor": 0.6942525985132048
  },
  "all_designs": [
    {
      "rank": 1,
      "parameters": {
        "R": 3.0,
        "a": 1.0,
        "kappa": 2.795710264000788,
        "delta": 0.7910137215748592,
        "mu": 0.4536383019547933,
        "B0": 11.978891025521914,
        "Ip": 19.984670226268133
      },
      "performance": 46.82873677076993,
      "cost": 3.228582051087768,
      "stress": 17.202528413790702,
      "q_factor": 49.293407127126244,
      "lqg_enhancement": 0.95,
      "sinc_factor": 0.6942525985132048
    },
    {
      "rank": 2,
      "parameters": {
        "R": 3.0,
        "a": 1.0,
        "kappa": 2.795710264000788,
        "delta": 0.7923424455103141,
        "mu": 0.43559897209713794,
        "B0": 11.971504986572798,
        "Ip": 19.984670226268133
      },
      "performance": 46.82214285134347,
      "cost": 3.2282568045018594,
      "stress": 17.181321213017625,
      "q_factor": 49.28646615930892,
      "lqg_enhancement": 0.95,
      "sinc_factor": 0.7158355124546072
    },
    {
      "rank": 3,
      "parameters": {
        "R": 3.0,
        "a": 1.0,
        "kappa": 2.795710264000788,
        "delta": 0.7910137215748592,
        "mu": 0.4536383019547933,
        "B0": 11.971504986572798,
        "Ip": 19.984670226268133
      },
      "performance": 46.799862739526986,
      "cost": 3.227816849853384,
      "stress": 17.181321213017625,
      "q_factor": 49.26301341002841,
      "lqg_enhancement": 0.95,
      "sinc_factor": 0.6942525985132048
    },
    {
      "rank": 4,
      "parameters": {
        "R": 3.0,
        "a": 1.0,
        "kappa": 2.795710264000788,
        "delta": 0.7910137215748592,
        "mu": 0.4053299914006738,
        "B0": 11.971504986572798,
        "Ip": 19.984670226268133
      },
      "performance": 46.799862739526986,
      "cost": 3.227816849853384,
      "stress": 17.181321213017625,
      "q_factor": 49.26301341002841,
      "lqg_enhancement": 0.95,
      "sinc_factor": 0.750833245712447
    },
    {
      "rank": 5,
      "parameters": {
        "R": 3.0,
        "a": 1.0,
        "kappa": 2.795710264000788,
        "delta": 0.7910137215748592,
        "mu": 0.4536383019547933,
        "B0": 11.971504986572798,
        "Ip": 19.984670226268133
      },
      "performance": 46.799862739526986,
      "cost": 3.227816849853384,
      "stress": 17.181321213017625,
      "q_factor": 49.26301341002841,
      "lqg_enhancement": 0.95,
      "sinc_factor": 0.6942525985132048
    },
    {
      "rank": 6,
      "parameters": {
        "R": 3.0,
        "a": 1.0,
        "kappa": 2.7832164220732487,
        "delta": 0.7992490076749083,
        "mu": 0.42237735251153,
        "B0": 11.971504986572798,
        "Ip": 19.984670226268133
      },
      "performance": 46.72818987787294,
      "cost": 3.212243105228005,
      "stress": 17.180661608337388,
      "q_factor": 49.187568292497836,
      "lqg_enhancement": 0.95,
      "sinc_factor": 0.7313181284270974
    },
    {
      "rank": 7,
      "parameters": {
        "R": 3.0,
        "a": 1.0,
        "kappa": 2.795710264000788,
        "delta": 0.7923424455103141,
        "mu": 0.4536383019547933,
        "B0": 11.978891025521914,
        "Ip": 19.892669784263184
      },
      "performance": 46.63534953527943,
      "cost": 3.228840529691268,
      "stress": 17.202528413790702,
      "q_factor": 49.08984161608362,
      "lqg_enhancement": 0.95,
      "sinc_factor": 0.6942525985132048
    },
    {
      "rank": 8,
      "parameters": {
        "R": 3.0,
        "a": 1.0,
        "kappa": 2.795710264000788,
        "delta": 0.7910137215748592,
        "mu": 0.4536383019547933,
        "B0": 11.978891025521914,
        "Ip": 19.892669784263184
      },
      "performance": 46.613158308245126,
      "cost": 3.2284005750427927,
      "stress": 17.202528413790702,
      "q_factor": 49.066482429731714,
      "lqg_enhancement": 0.95,
      "sinc_factor": 0.6942525985132048
    },
    {
      "rank": 9,
      "parameters": {
        "R": 3.0,
        "a": 1.0,
        "kappa": 2.795710264000788,
        "delta": 0.7910137215748592,
        "mu": 0.4536383019547933,
        "B0": 11.978891025521914,
        "Ip": 19.892669784263184
      },
      "performance": 46.613158308245126,
      "cost": 3.2284005750427927,
      "stress": 17.202528413790702,
      "q_factor": 49.066482429731714,
      "lqg_enhancement": 0.95,
      "sinc_factor": 0.6942525985132048
    },
    {
      "rank": 10,
      "parameters": {
        "R": 3.0,
        "a": 1.0,
        "kappa": 2.795710264000788,
        "delta": 0.7910137215748592,
        "mu": 0.4536383019547933,
        "B0": 11.978891025521914,
        "Ip": 19.892669784263184
      },
      "performance": 46.613158308245126,
      "cost": 3.2284005750427927,
      "stress": 17.202528413790702,
      "q_factor": 49.066482429731714,
      "lqg_enhancement": 0.95,
      "sinc_factor": 0.6942525985132048
    }
  ],
  "validation": {
    "valid": true,
    "warnings": [
      "q95 = 1.00 < 2.0, kink instability risk",
      "High current density: 7.1 MA/m\u00b2"
    ],
    "errors": [],
    "physics_checks": {
      "beta_limit": 4.671306927688888,
      "greenwald_limit": 6.361318105144,
      "q95": 0.9990066460855491
    },
    "engineering_checks": {
      "aspect_ratio": 3.0,
      "current_density": 7.148333818279568
    },
    "lqg_checks": {
      "mu_parameter": 0.4536383019547933,
      "sinc_factor": 0.6942525985132048,
      "enhancement": 0.95,
      "positive_energy": true
    }
  },
  "lqg_physics": {
    "sub_classical_enhancement": 242000000.0,
    "alpha_lqg": 0.16666666666666666
  }
}