{
  "optimization_summary": {
    "optimization_time": 0.13442730903625488,
    "generations": 30,
    "population_size": 100,
    "best_q_factor": 49.09740504091497,
    "best_enhancement": 0.95
  },
  "best_design": {
    "rank": 1,
    "parameters": {
      "R": 3.0,
      "a": 1.0,
      "kappa": 2.784419807799874,
      "delta": 0.7932030857203486,
      "mu": 0.5286521411138589,
      "B0": 11.970385655659518,
      "Ip": 19.984443728749344
    },
    "performance": 46.64253478886922,
    "cost": 3.2118932338449278,
    "stress": 17.177512381276088,
    "q_factor": 49.09740504091497,
    "lqg_enhancement": 0.95,
    "sinc_factor": 0.599678303179521
  },
  "all_designs": [
    {
      "rank": 1,
      "parameters": {
        "R": 3.0,
        "a": 1.0,
        "kappa": 2.784419807799874,
        "delta": 0.7932030857203486,
        "mu": 0.5286521411138589,
        "B0": 11.970385655659518,
        "Ip": 19.984443728749344
      },
      "performance": 46.64253478886922,
      "cost": 3.2118932338449278,
      "stress": 17.177512381276088,
      "q_factor": 49.09740504091497,
      "lqg_enhancement": 0.95,
      "sinc_factor": 0.599678303179521
    },
    {
      "rank": 2,
      "parameters": {
        "R": 3.0,
        "a": 1.0,
        "kappa": 2.784419807799874,
        "delta": 0.7932030857203486,
        "mu": 0.5045396325387411,
        "B0": 11.970385655659518,
        "Ip": 19.984443728749344
      },
      "performance": 46.64253478886922,
      "cost": 3.2118932338449278,
      "stress": 17.177512381276088,
      "q_factor": 49.09740504091497,
      "lqg_enhancement": 0.95,
      "sinc_factor": 0.6308275798795386
    },
    {
      "rank": 3,
      "parameters": {
        "R": 3.0,
        "a": 1.0,
        "kappa": 2.784419807799874,
        "delta": 0.7932030857203486,
        "mu": 0.388455776633277,
        "B0": 11.970385655659518,
        "Ip": 19.984443728749344
      },
      "performance": 46.64253478886922,
      "cost": 3.2118932338449278,
      "stress": 17.177512381276088,
      "q_factor": 49.09740504091497,
      "lqg_enhancement": 0.95,
      "sinc_factor": 0.7696243927729346
    },
    {
      "rank": 4,
      "parameters": {
        "R": 3.0,
        "a": 1.0,
        "kappa": 2.784419807799874,
        "delta": 0.7932030857203486,
        "mu": 0.388455776633277,
        "B0": 11.970385655659518,
        "Ip": 19.984443728749344
      },
      "performance": 46.64253478886922,
      "cost": 3.2118932338449278,
      "stress": 17.177512381276088,
      "q_factor": 49.09740504091497,
      "lqg_enhancement": 0.95,
      "sinc_factor": 0.7696243927729346
    },
    {
      "rank": 5,
      "parameters": {
        "R": 3.0,
        "a": 1.0,
        "kappa": 2.784419807799874,
        "delta": 0.7932030857203486,
        "mu": 0.388455776633277,
        "B0": 11.970385655659518,
        "Ip": 19.984443728749344
      },
      "performance": 46.64253478886922,
      "cost": 3.2118932338449278,
      "stress": 17.177512381276088,
      "q_factor": 49.09740504091497,
      "lqg_enhancement": 0.95,
      "sinc_factor": 0.7696243927729346
    },
    {
      "rank": 6,
      "parameters": {
        "R": 3.0,
        "a": 1.0,
        "kappa": 2.7855783447147844,
        "delta": 0.7932030857203486,
        "mu": 0.5286521411138589,
        "B0": 11.92783326479822,
        "Ip": 19.984443728749344
      },
      "performance": 46.49606762000717,
      "cost": 3.2091934754096085,
      "stress": 17.055664644283727,
      "q_factor": 48.94322907369176,
      "lqg_enhancement": 0.95,
      "sinc_factor": 0.599678303179521
    },
    {
      "rank": 7,
      "parameters": {
        "R": 3.0,
        "a": 1.0,
        "kappa": 2.784419807799874,
        "delta": 0.79336584695804,
        "mu": 0.3837257210231403,
        "B0": 11.92783326479822,
        "Ip": 19.984443728749344
      },
      "performance": 46.47943787765532,
      "cost": 3.2075528332712246,
      "stress": 17.05560402182106,
      "q_factor": 48.925724081742445,
      "lqg_enhancement": 0.95,
      "sinc_factor": 0.7747937038373939
    },
    {
      "rank": 8,
      "parameters": {
        "R": 3.0,
        "a": 1.0,
        "kappa": 2.784419807799874,
        "delta": 0.79336584695804,
        "mu": 0.3837257210231403,
        "B0": 11.92783326479822,
        "Ip": 19.984443728749344
      },
      "performance": 46.47943787765532,
      "cost": 3.2075528332712246,
      "stress": 17.05560402182106,
      "q_factor": 48.925724081742445,
      "lqg_enhancement": 0.95,
      "sinc_factor": 0.7747937038373939
    },
    {
      "rank": 9,
      "parameters": {
        "R": 3.0,
        "a": 1.0,
        "kappa": 2.784419807799874,
        "delta": 0.7932030857203486,
        "mu": 0.5286521411138589,
        "B0": 11.92783326479822,
        "Ip": 19.984443728749344
      },
      "performance": 46.476729657088924,
      "cost": 3.2074991589340867,
      "stress": 17.05560402182106,
      "q_factor": 48.9228733232515,
      "lqg_enhancement": 0.95,
      "sinc_factor": 0.599678303179521
    },
    {
      "rank": 10,
      "parameters": {
        "R": 3.0,
        "a": 1.0,
        "kappa": 2.784419807799874,
        "delta": 0.7932030857203486,
        "mu": 0.4617482728568737,
        "B0": 11.92783326479822,
        "Ip": 19.984443728749344
      },
      "performance": 46.476729657088924,
      "cost": 3.2074991589340867,
      "stress": 17.05560402182106,
      "q_factor": 48.9228733232515,
      "lqg_enhancement": 0.95,
      "sinc_factor": 0.6843864690322019
    }
  ],
  "validation": {
    "valid": true,
    "warnings": [
      "q95 = 1.00 < 2.0, kink instability risk",
      "High current density: 7.2 MA/m\u00b2"
    ],
    "errors": [],
    "physics_checks": {
      "beta_limit": 4.674573071423336,
      "greenwald_limit": 6.3612460087445735,
      "q95": 0.9983086359682762
    },
    "engineering_checks": {
      "aspect_ratio": 3.0,
      "current_density": 7.177238027386457
    },
    "lqg_checks": {
      "mu_parameter": 0.5286521411138589,
      "sinc_factor": 0.599678303179521,
      "enhancement": 0.95,
      "positive_energy": true
    }
  },
  "lqg_physics": {
    "sub_classical_enhancement": 242000000.0,
    "alpha_lqg": 0.16666666666666666
  }
}