{
  "design_parameters": {
    "R": 7.01331172681896,
    "a": 1.9806386803179605,
    "kappa": 2.0423100860091123,
    "delta": 0.6265763430789439,
    "mu": 0.3777748520340453,
    "B0": 11.19986186576344,
    "Ip": 19.049366161653772
  },
  "performance_metrics": {
    "parameters": {
      "R": 7.01331172681896,
      "a": 1.9806386803179605,
      "kappa": 2.0423100860091123,
      "delta": 0.6265763430789439,
      "mu": 0.3777748520340453,
      "B0": 11.19986186576344,
      "Ip": 19.049366161653772
    },
    "cost": 940736012.7143577,
    "max_stress": -0.0379103347659111,
    "performance": 3.083572211265564,
    "lqg_enhancement": 0.98
  },
  "manufacturing_specs": {
    "material": "Inconel 625 (high-temp), SS316L (structure)",
    "vacuum_requirement": "\u226410\u207b\u2079 Torr",
    "magnetic_field_uniformity": "\u00b11%",
    "safety_factor": 4.0
  },
  "lqg_integration": {
    "polymer_field_nodes": 16,
    "sinc_modulation_factor": 0.7812343506037436,
    "enhancement_efficiency": 0.98
  }
}