{
  "major_radius": 7.918479689109897,
  "minor_radius": 2.3611927279725,
  "wall_thickness": 0.1,
  "port_diameter": 0.5
}