{
  "design_parameters": {
    "R": 7.125172744574181,
    "a": 2.2718774707701637,
    "kappa": 2.4289447485081213,
    "delta": 0.47937054247619326,
    "mu": 0.2230468938409024,
    "B0": 11.08355976264079,
    "Ip": 8.565473164839835
  },
  "performance_metrics": {
    "parameters": {
      "R": 7.125172744574181,
      "a": 2.2718774707701637,
      "kappa": 2.4289447485081213,
      "delta": 0.47937054247619326,
      "mu": 0.2230468938409024,
      "B0": 11.08355976264079,
      "Ip": 8.565473164839835
    },
    "cost": 1361268931.8712823,
    "max_stress": -0.4946845769882202,
    "performance": 3.4668950033187866,
    "lqg_enhancement": 0.98
  },
  "manufacturing_specs": {
    "material": "Inconel 625 (high-temp), SS316L (structure)",
    "vacuum_requirement": "\u226410\u207b\u2079 Torr",
    "magnetic_field_uniformity": "\u00b11%",
    "safety_factor": 4.0
  },
  "lqg_integration": {
    "polymer_field_nodes": 16,
    "sinc_modulation_factor": 0.9201504449481978,
    "enhancement_efficiency": 0.98
  }
}