{
  "major_radius": 4.066901656828619,
  "minor_radius": 1.315896562483333,
  "wall_thickness": 0.1,
  "port_diameter": 0.5
}