{
  "design_parameters": {
    "R": 3.4765203711235855,
    "a": 1.5386495948179288,
    "kappa": 2.507570504909155,
    "delta": 0.7428338166351469,
    "mu": 0.6882038359878994,
    "B0": 10.447767101404299,
    "Ip": 18.05623425640801
  },
  "performance_metrics": {
    "parameters": {
      "R": 3.4765203711235855,
      "a": 1.5386495948179288,
      "kappa": 2.507570504909155,
      "delta": 0.7428338166351469,
      "mu": 0.6882038359878994,
      "B0": 10.447767101404299,
      "Ip": 18.05623425640801
    },
    "cost": 332045334.0458797,
    "max_stress": -0.07757239788770676,
    "performance": 3.391337900161743,
    "lqg_enhancement": 0.98
  },
  "manufacturing_specs": {
    "material": "Inconel 625 (high-temp), SS316L (structure)",
    "vacuum_requirement": "\u226410\u207b\u2079 Torr",
    "magnetic_field_uniformity": "\u00b11%",
    "safety_factor": 4.0
  },
  "lqg_integration": {
    "polymer_field_nodes": 16,
    "sinc_modulation_factor": 0.38400442837654636,
    "enhancement_efficiency": 0.98
  }
}