{
  "design_parameters": {
    "R": 3.4103559986489977,
    "a": 2.0694451850655304,
    "kappa": 2.605543796279938,
    "delta": 0.30555702893693726,
    "mu": 0.5970319463255304,
    "B0": 11.915104825981473,
    "Ip": 19.40014295618942
  },
  "performance_metrics": {
    "parameters": {
      "R": 3.4103559986489977,
      "a": 2.0694451850655304,
      "kappa": 2.605543796279938,
      "delta": 0.30555702893693726,
      "mu": 0.5970319463255304,
      "B0": 11.915104825981473,
      "Ip": 19.40014295618942
    },
    "cost": 560354519.5798916,
    "max_stress": 0.006128605455160141,
    "performance": 3.149996862411499,
    "lqg_enhancement": 0.98
  },
  "manufacturing_specs": {
    "material": "Inconel 625 (high-temp), SS316L (structure)",
    "vacuum_requirement": "\u226410\u207b\u2079 Torr",
    "magnetic_field_uniformity": "\u00b11%",
    "safety_factor": 4.0
  },
  "lqg_integration": {
    "polymer_field_nodes": 16,
    "sinc_modulation_factor": 0.5085736177716882,
    "enhancement_efficiency": 0.98
  }
}