{
  "major_radius": 6.533846039775617,
  "minor_radius": 2.3718636997220433,
  "wall_thickness": 0.1,
  "port_diameter": 0.5
}