{
  "design_parameters": {
    "R": 7.447055279535861,
    "a": 1.8724548318462304,
    "kappa": 1.2781363556812269,
    "delta": 0.7658104116899012,
    "mu": 0.394044048194157,
    "B0": 11.573364703619484,
    "Ip": 17.582091639806947
  },
  "performance_metrics": {
    "parameters": {
      "R": 7.447055279535861,
      "a": 1.8724548318462304,
      "kappa": 1.2781363556812269,
      "delta": 0.7658104116899012,
      "mu": 0.394044048194157,
      "B0": 11.573364703619484,
      "Ip": 17.582091639806947
    },
    "cost": 718867609.115715,
    "max_stress": -0.05526738613843918,
    "performance": 3.317611446380615,
    "lqg_enhancement": 0.98
  },
  "manufacturing_specs": {
    "material": "Inconel 625 (high-temp), SS316L (structure)",
    "vacuum_requirement": "\u226410\u207b\u2079 Torr",
    "magnetic_field_uniformity": "\u00b11%",
    "safety_factor": 4.0
  },
  "lqg_integration": {
    "polymer_field_nodes": 16,
    "sinc_modulation_factor": 0.7634611339080879,
    "enhancement_efficiency": 0.98
  }
}