{
  "design_parameters": {
    "R": 7.122370040085851,
    "a": 1.9966922468891535,
    "kappa": 2.791118182709338,
    "delta": 0.4200878320896033,
    "mu": 0.47439295469449044,
    "B0": 5.293582433798259,
    "Ip": 16.19570294204843
  },
  "performance_metrics": {
    "parameters": {
      "R": 7.122370040085851,
      "a": 1.9966922468891535,
      "kappa": 2.791118182709338,
      "delta": 0.4200878320896033,
      "mu": 0.47439295469449044,
      "B0": 5.293582433798259,
      "Ip": 16.19570294204843
    },
    "cost": 1135903243.6364996,
    "max_stress": -0.15654639899730682,
    "performance": 3.2776799249649047,
    "lqg_enhancement": 0.98
  },
  "manufacturing_specs": {
    "material": "Inconel 625 (high-temp), SS316L (structure)",
    "vacuum_requirement": "\u226410\u207b\u2079 Torr",
    "magnetic_field_uniformity": "\u00b11%",
    "safety_factor": 4.0
  },
  "lqg_integration": {
    "polymer_field_nodes": 16,
    "sinc_modulation_factor": 0.6688135534865378,
    "enhancement_efficiency": 0.98
  }
}