{
  "optimization_summary": {
    "optimization_time": 0.14908576011657715,
    "generations": 30,
    "population_size": 100,
    "best_q_factor": 49.127192714851965,
    "best_enhancement": 0.95
  },
  "best_design": {
    "rank": 1,
    "parameters": {
      "R": 3.0,
      "a": 1.0,
      "kappa": 2.7982798928183454,
      "delta": 0.7985282949456209,
      "mu": 0.43042775218733864,
      "B0": 11.930953783747709,
      "Ip": 19.92529802151568
    },
    "performance": 46.670833079109364,
    "cost": 3.229769830512615,
    "stress": 17.065256519876534,
    "q_factor": 49.127192714851965,
    "lqg_enhancement": 0.95,
    "sinc_factor": 0.7219259970326246
  },
  "all_designs": [
    {
      "rank": 1,
      "parameters": {
        "R": 3.0,
        "a": 1.0,
        "kappa": 2.7982798928183454,
        "delta": 0.7985282949456209,
        "mu": 0.43042775218733864,
        "B0": 11.930953783747709,
        "Ip": 19.92529802151568
      },
      "performance": 46.670833079109364,
      "cost": 3.229769830512615,
      "stress": 17.065256519876534,
      "q_factor": 49.127192714851965,
      "lqg_enhancement": 0.95,
      "sinc_factor": 0.7219259970326246
    },
    {
      "rank": 2,
      "parameters": {
        "R": 3.0,
        "a": 1.0,
        "kappa": 2.7982798928183454,
        "delta": 0.7985282949456209,
        "mu": 0.43042775218733864,
        "B0": 11.874673366652974,
        "Ip": 19.92529802151568
      },
      "performance": 46.45067851314087,
      "cost": 3.2239919032954063,
      "stress": 16.90463659122336,
      "q_factor": 48.89545106646408,
      "lqg_enhancement": 0.95,
      "sinc_factor": 0.7219259970326246
    },
    {
      "rank": 3,
      "parameters": {
        "R": 3.0,
        "a": 1.0,
        "kappa": 2.7982798928183454,
        "delta": 0.7985282949456209,
        "mu": 0.43042775218733864,
        "B0": 11.859134077893813,
        "Ip": 19.92529802151568
      },
      "performance": 46.38989279852057,
      "cost": 3.222403805300826,
      "stress": 16.860422465112023,
      "q_factor": 48.831466103705864,
      "lqg_enhancement": 0.95,
      "sinc_factor": 0.7219259970326246
    },
    {
      "rank": 4,
      "parameters": {
        "R": 3.0,
        "a": 1.0,
        "kappa": 2.7982798928183454,
        "delta": 0.7985282949456209,
        "mu": 0.43042775218733864,
        "B0": 11.859134077893813,
        "Ip": 19.92529802151568
      },
      "performance": 46.38989279852057,
      "cost": 3.222403805300826,
      "stress": 16.860422465112023,
      "q_factor": 48.831466103705864,
      "lqg_enhancement": 0.95,
      "sinc_factor": 0.7219259970326246
    },
    {
      "rank": 5,
      "parameters": {
        "R": 3.0,
        "a": 1.0,
        "kappa": 2.7982798928183454,
        "delta": 0.7985282949456209,
        "mu": 0.43042775218733864,
        "B0": 11.859134077893813,
        "Ip": 19.92529802151568
      },
      "performance": 46.38989279852057,
      "cost": 3.222403805300826,
      "stress": 16.860422465112023,
      "q_factor": 48.831466103705864,
      "lqg_enhancement": 0.95,
      "sinc_factor": 0.7219259970326246
    },
    {
      "rank": 6,
      "parameters": {
        "R": 3.0,
        "a": 1.0,
        "kappa": 2.7982798928183454,
        "delta": 0.7985282949456209,
        "mu": 0.43042775218733864,
        "B0": 11.859134077893813,
        "Ip": 19.92529802151568
      },
      "performance": 46.38989279852057,
      "cost": 3.222403805300826,
      "stress": 16.860422465112023,
      "q_factor": 48.831466103705864,
      "lqg_enhancement": 0.95,
      "sinc_factor": 0.7219259970326246
    },
    {
      "rank": 7,
      "parameters": {
        "R": 3.0,
        "a": 1.0,
        "kappa": 2.7982798928183454,
        "delta": 0.7985282949456209,
        "mu": 0.43042775218733864,
        "B0": 11.859134077893813,
        "Ip": 19.92529802151568
      },
      "performance": 46.38989279852057,
      "cost": 3.222403805300826,
      "stress": 16.860422465112023,
      "q_factor": 48.831466103705864,
      "lqg_enhancement": 0.95,
      "sinc_factor": 0.7219259970326246
    },
    {
      "rank": 8,
      "parameters": {
        "R": 3.0,
        "a": 1.0,
        "kappa": 2.7982798928183454,
        "delta": 0.7985282949456209,
        "mu": 0.43042775218733864,
        "B0": 11.859134077893813,
        "Ip": 19.92529802151568
      },
      "performance": 46.38989279852057,
      "cost": 3.222403805300826,
      "stress": 16.860422465112023,
      "q_factor": 48.831466103705864,
      "lqg_enhancement": 0.95,
      "sinc_factor": 0.7219259970326246
    },
    {
      "rank": 9,
      "parameters": {
        "R": 3.0,
        "a": 1.0,
        "kappa": 2.7982798928183454,
        "delta": 0.7985282949456209,
        "mu": 0.43042775218733864,
        "B0": 11.859134077893813,
        "Ip": 19.92529802151568
      },
      "performance": 46.38989279852057,
      "cost": 3.222403805300826,
      "stress": 16.860422465112023,
      "q_factor": 48.831466103705864,
      "lqg_enhancement": 0.95,
      "sinc_factor": 0.7219259970326246
    },
    {
      "rank": 10,
      "parameters": {
        "R": 3.0,
        "a": 1.0,
        "kappa": 2.7982798928183454,
        "delta": 0.7985282949456209,
        "mu": 0.43042775218733864,
        "B0": 11.859134077893813,
        "Ip": 19.92529802151568
      },
      "performance": 46.38989279852057,
      "cost": 3.222403805300826,
      "stress": 16.860422465112023,
      "q_factor": 48.831466103705864,
      "lqg_enhancement": 0.95,
      "sinc_factor": 0.7219259970326246
    }
  ],
  "validation": {
    "valid": true,
    "warnings": [
      "q95 = 1.00 < 2.0, kink instability risk",
      "High current density: 7.1 MA/m\u00b2"
    ],
    "errors": [],
    "physics_checks": {
      "beta_limit": 4.676142031179596,
      "greenwald_limit": 6.342419345406766,
      "q95": 0.997973679060698
    },
    "engineering_checks": {
      "aspect_ratio": 3.0,
      "current_density": 7.120552190884488
    },
    "lqg_checks": {
      "mu_parameter": 0.43042775218733864,
      "sinc_factor": 0.7219259970326246,
      "enhancement": 0.95,
      "positive_energy": true
    }
  },
  "lqg_physics": {
    "sub_classical_enhancement": 242000000.0,
    "alpha_lqg": 0.16666666666666666
  }
}