mission_type,recommended_velocity_c,energy_requirement_TJ,earth_proxima_travel_days,tidal_force_g,safety_rating,priority_focus,energy_efficiency_rating
Earth-Proxima Express,13.0,6.8158186990204346e+47,119.12769230769231,0.9439565003386602,EXCELLENT,Speed,MEDIUM
Interstellar Cargo Heavy,13.0,6.8158186990204346e+47,119.12769230769231,0.9439565003386602,EXCELLENT,Efficiency,MEDIUM
Deep Space Survey,13.0,6.8158186990204346e+47,119.12769230769231,0.9439565003386602,EXCELLENT,Range,MEDIUM
Emergency Rescue,13.0,6.8158186990204346e+47,119.12769230769231,0.9439565003386602,EXCELLENT,Maximum Speed,MEDIUM
Colony Transport,13.0,6.8158186990204346e+47,119.12769230769231,0.9439565003386602,EXCELLENT,Safety & Comfort,MEDIUM
Diplomatic Mission,13.0,6.8158186990204346e+47,119.12769230769231,0.9439565003386602,EXCELLENT,Reliability,MEDIUM
Scientific Research,13.0,6.8158186990204346e+47,119.12769230769231,0.9439565003386602,EXCELLENT,Precision,MEDIUM
Trade Route Standard,13.0,6.8158186990204346e+47,119.12769230769231,0.9439565003386602,EXCELLENT,Cost Efficiency,MEDIUM
